# stars45degtime,stars45degm1,stars45degm2,stars45degm3,stars45degm4,stars90degtime,stars90degm1,stars90degm2,stars90degm3,stars90degm4,stars0degtime,stars0degm1,stars0degm2,stars0degm3,stars0degm4,stars0deg_retrotime,stars0deg_retrom1,stars0deg_retrom2,stars0deg_retrom3,stars0deg_retrom4
   0.00000,    0.01971,    0.07444,    0.01904,    0.02114,    0.00000,    0.01970,    0.07444,    0.01904,    0.02115,    0.00000,    0.01970,    0.07444,    0.01904,    0.02115,    0.00000,    0.01970,    0.07444,    0.01904,    0.02115
   0.02500,    0.02468,    0.08814,    0.01549,    0.01695,    0.02500,    0.02582,    0.08826,    0.01530,    0.01680,    0.02500,    0.02557,    0.08842,    0.01515,    0.01722,    0.02500,    0.02573,    0.08842,    0.01508,    0.01713
   0.05000,    0.01616,    0.09718,    0.02288,    0.01991,    0.05000,    0.01618,    0.09753,    0.02268,    0.01986,    0.05000,    0.01694,    0.09814,    0.02276,    0.02016,    0.05000,    0.01689,    0.09794,    0.02251,    0.02030
   0.07500,    0.01287,    0.11054,    0.01776,    0.01841,    0.07500,    0.01620,    0.11091,    0.01642,    0.01863,    0.07500,    0.01674,    0.11213,    0.01840,    0.01803,    0.07500,    0.01633,    0.11203,    0.01708,    0.01841
   0.10000,    0.01603,    0.11730,    0.01446,    0.01174,    0.10000,    0.01582,    0.11670,    0.01494,    0.01176,    0.10000,    0.01658,    0.11854,    0.01555,    0.01229,    0.10000,    0.01600,    0.11718,    0.01534,    0.01180
   0.12500,    0.01735,    0.11923,    0.01458,    0.02126,    0.12500,    0.01870,    0.11653,    0.01606,    0.02158,    0.12500,    0.01728,    0.11592,    0.01528,    0.02163,    0.12500,    0.01693,    0.11382,    0.01577,    0.02114
   0.15000,    0.01791,    0.12021,    0.01890,    0.02951,    0.15000,    0.02341,    0.11696,    0.02053,    0.02867,    0.15000,    0.01786,    0.10738,    0.01692,    0.02780,    0.15000,    0.01709,    0.11229,    0.01862,    0.02830
   0.17500,    0.01556,    0.11685,    0.02517,    0.03146,    0.17500,    0.04376,    0.10582,    0.03216,    0.03352,    0.17500,    0.05018,    0.08316,    0.03521,    0.03483,    0.17500,    0.04702,    0.12728,    0.04262,    0.03913
   0.20000,    0.10101,    0.06877,    0.03880,    0.02896,    0.20000,    0.25682,    0.10435,    0.09436,    0.05625,    0.20000,    0.25851,    0.14800,    0.10584,    0.06770,    0.20000,    0.27167,    0.09368,    0.09142,    0.05851
   0.22500,    0.35781,    0.18938,    0.13179,    0.09722,    0.22500,    0.47613,    0.28663,    0.14887,    0.11283,    0.22500,    0.40473,    0.24012,    0.10922,    0.10148,    0.22500,    0.47776,    0.24394,    0.16381,    0.13644
   0.25000,    0.47481,    0.29205,    0.15111,    0.09954,    0.25000,    0.53272,    0.39806,    0.29880,    0.17216,    0.25000,    0.42360,    0.25324,    0.11772,    0.08049,    0.25000,    0.53919,    0.28164,    0.20618,    0.21325
   0.27500,    0.42176,    0.28987,    0.19643,    0.09064,    0.27500,    0.57114,    0.25950,    0.14829,    0.12959,    0.27500,    0.46971,    0.10930,    0.10397,    0.09757,    0.27500,    0.50625,    0.24263,    0.23624,    0.20843
   0.30000,    0.53181,    0.13908,    0.06777,    0.05819,    0.30000,    0.75304,    0.33797,    0.10312,    0.09242,    0.30000,    0.52533,    0.13471,    0.14296,    0.09798,    0.30000,    0.41713,    0.15745,    0.23578,    0.16933
   0.32500,    0.59085,    0.12661,    0.12354,    0.14519,    0.32500,    0.74598,    0.33538,    0.27931,    0.24178,    0.32500,    0.45037,    0.14641,    0.18752,    0.07030,    0.32500,    0.28029,    0.12893,    0.23592,    0.07223
   0.35000,    0.53371,    0.18579,    0.15620,    0.06797,    0.35000,    0.70639,    0.41878,    0.47347,    0.32746,    0.35000,    0.31326,    0.30103,    0.15360,    0.08558,    0.35000,    0.11674,    0.12994,    0.16362,    0.03661
   0.37500,    0.50053,    0.31104,    0.23332,    0.12147,    0.37500,    0.66226,    0.51400,    0.49805,    0.29877,    0.37500,    0.16921,    0.35505,    0.10934,    0.13891,    0.37500,    0.06005,    0.12470,    0.15578,    0.05017
   0.40000,    0.39865,    0.35333,    0.21724,    0.12713,    0.40000,    0.60747,    0.52955,    0.41249,    0.25145,    0.40000,    0.07828,    0.36050,    0.06984,    0.16166,    0.40000,    0.07227,    0.11556,    0.17697,    0.06626
   0.42500,    0.24815,    0.31959,    0.12199,    0.10869,    0.42500,    0.45282,    0.37243,    0.22903,    0.16315,    0.42500,    0.06021,    0.35611,    0.05041,    0.18515,    0.42500,    0.15135,    0.10482,    0.10919,    0.11446
   0.45000,    0.12827,    0.28809,    0.03791,    0.15756,    0.45000,    0.21363,    0.25189,    0.12152,    0.15196,    0.45000,    0.12723,    0.32297,    0.09523,    0.15499,    0.45000,    0.20440,    0.11871,    0.09417,    0.07202
   0.47500,    0.06574,    0.29860,    0.07831,    0.16063,    0.47500,    0.05898,    0.22858,    0.15558,    0.15464,    0.47500,    0.15323,    0.25969,    0.10554,    0.13118,    0.47500,    0.24171,    0.12105,    0.13149,    0.07415
   0.50000,    0.07540,    0.25314,    0.11724,    0.08753,    0.50000,    0.10487,    0.25481,    0.13734,    0.06671,    0.50000,    0.19232,    0.22232,    0.11189,    0.06660,    0.50000,    0.26634,    0.17258,    0.12037,    0.06702
   0.52500,    0.12983,    0.18737,    0.13096,    0.02422,    0.52500,    0.20993,    0.27405,    0.11909,    0.09409,    0.52500,    0.25795,    0.14710,    0.13605,    0.06594,    0.52500,    0.29775,    0.22211,    0.12719,    0.05002
   0.55000,    0.22791,    0.13555,    0.14698,    0.07502,    0.55000,    0.29500,    0.18201,    0.17513,    0.13904,    0.55000,    0.31287,    0.09648,    0.15950,    0.15209,    0.55000,    0.29592,    0.25612,    0.14185,    0.05952
   0.57500,    0.29860,    0.11462,    0.14335,    0.10214,    0.57500,    0.35328,    0.11414,    0.15962,    0.14475,    0.57500,    0.35739,    0.13451,    0.14080,    0.15342,    0.57500,    0.29867,    0.25868,    0.16049,    0.06180
   0.60000,    0.31305,    0.11819,    0.10063,    0.09295,    0.60000,    0.40638,    0.14668,    0.14396,    0.13641,    0.60000,    0.37409,    0.15378,    0.12711,    0.14200,    0.60000,    0.27842,    0.23577,    0.15800,    0.08612
   0.62500,    0.27128,    0.12334,    0.05649,    0.05867,    0.62500,    0.46757,    0.18021,    0.15604,    0.15149,    0.62500,    0.34975,    0.10304,    0.09771,    0.09966,    0.62500,    0.24574,    0.20820,    0.13674,    0.12184
   0.65000,    0.24470,    0.11676,    0.06837,    0.05126,    0.65000,    0.49859,    0.21378,    0.19552,    0.14108,    0.65000,    0.35154,    0.09359,    0.08272,    0.08449,    0.65000,    0.20396,    0.19535,    0.11554,    0.13938
   0.67500,    0.23072,    0.10713,    0.07188,    0.06214,    0.67500,    0.48443,    0.22037,    0.17931,    0.12120,    0.67500,    0.34387,    0.12440,    0.13168,    0.10104,    0.67500,    0.17150,    0.16060,    0.10163,    0.10490
   0.70000,    0.23442,    0.07296,    0.08247,    0.06731,    0.70000,    0.41230,    0.13722,    0.12433,    0.09796,    0.70000,    0.29004,    0.09361,    0.12724,    0.08871,    0.70000,    0.15345,    0.14100,    0.10963,    0.08523
   0.72500,    0.27324,    0.10160,    0.09292,    0.05759,    0.72500,    0.39700,    0.11417,    0.14901,    0.13179,    0.72500,    0.28541,    0.10359,    0.13008,    0.09353,    0.72500,    0.09938,    0.15689,    0.08522,    0.09102
   0.75000,    0.28770,    0.11208,    0.11236,    0.06239,    0.75000,    0.40951,    0.15925,    0.20956,    0.18771,    0.75000,    0.22764,    0.12513,    0.13514,    0.07250,    0.75000,    0.09670,    0.18545,    0.05982,    0.08591
   0.77500,    0.29847,    0.13213,    0.12077,    0.04572,    0.77500,    0.43887,    0.20902,    0.23773,    0.19456,    0.77500,    0.16416,    0.12080,    0.09561,    0.05720,    0.77500,    0.07430,    0.22266,    0.05848,    0.10332
   0.80000,    0.25507,    0.10832,    0.11731,    0.06105,    0.80000,    0.41397,    0.21439,    0.21455,    0.17856,    0.80000,    0.10815,    0.15097,    0.07760,    0.03886,    0.80000,    0.07438,    0.24614,    0.04580,    0.09652
   0.82500,    0.22060,    0.09598,    0.07286,    0.04038,    0.82500,    0.29718,    0.20681,    0.14414,    0.11491,    0.82500,    0.05747,    0.16456,    0.04341,    0.04523,    0.82500,    0.10678,    0.23385,    0.03784,    0.09576
   0.85000,    0.18851,    0.08635,    0.09318,    0.05704,    0.85000,    0.19974,    0.21946,    0.10643,    0.07289,    0.85000,    0.05384,    0.12100,    0.05958,    0.04318,    0.85000,    0.15137,    0.19684,    0.08060,    0.06806
   0.87500,    0.18033,    0.08437,    0.10221,    0.06052,    0.87500,    0.16620,    0.24387,    0.12166,    0.10196,    0.87500,    0.08707,    0.10891,    0.06694,    0.03538,    0.87500,    0.18220,    0.19467,    0.10329,    0.05271
   0.90000,    0.16187,    0.04424,    0.05878,    0.06036,    0.90000,    0.14068,    0.23486,    0.10286,    0.09686,    0.90000,    0.15691,    0.11388,    0.08738,    0.06058,    0.90000,    0.18280,    0.19194,    0.15439,    0.06913
   0.92500,    0.17627,    0.04686,    0.04217,    0.03696,    0.92500,    0.16425,    0.23560,    0.12214,    0.06759,    0.92500,    0.20920,    0.12615,    0.11544,    0.08181,    0.92500,    0.17007,    0.17757,    0.14140,    0.06134
   0.95000,    0.25373,    0.10471,    0.09759,    0.06233,    0.95000,    0.23867,    0.25704,    0.12979,    0.08358,    0.95000,    0.22556,    0.14869,    0.11126,    0.05588,    0.95000,    0.17385,    0.17001,    0.09114,    0.08000
   0.97500,    0.30035,    0.13038,    0.10573,    0.08253,    0.97500,    0.30109,    0.25418,    0.12246,    0.12545,    0.97500,    0.22577,    0.15755,    0.11706,    0.07726,    0.97500,    0.24298,    0.21033,    0.11218,    0.10799
   1.00000,    0.26551,    0.09784,    0.10513,    0.07344,    1.00000,    0.37056,    0.27165,    0.15021,    0.12905,    1.00000,    0.21585,    0.14659,    0.10299,    0.11710,    1.00000,    0.25705,    0.23716,    0.13292,    0.12143
   1.02500,    0.21139,    0.10422,    0.09924,    0.05341,    1.02500,    0.37994,    0.28276,    0.17571,    0.11482,    1.02500,    0.21392,    0.14966,    0.07860,    0.09396,    1.02500,    0.17344,    0.22396,    0.08303,    0.09350
   1.05000,    0.20680,    0.12745,    0.07711,    0.03768,    1.05000,    0.36361,    0.23224,    0.17490,    0.12321,    1.05000,    0.22507,    0.16139,    0.11432,    0.03703,    1.05000,    0.12438,    0.16623,    0.05984,    0.07833
   1.07500,    0.26847,    0.14170,    0.08789,    0.07250,    1.07500,    0.33997,    0.17029,    0.15666,    0.14523,    1.07500,    0.23912,    0.15541,    0.13338,    0.05519,    1.07500,    0.09682,    0.13058,    0.05053,    0.06884
   1.10000,    0.31048,    0.18531,    0.11721,    0.10567,    1.10000,    0.30842,    0.11242,    0.10889,    0.10501,    1.10000,    0.22538,    0.18576,    0.12355,    0.07670,    1.10000,    0.04213,    0.11101,    0.07696,    0.07192
   1.12500,    0.30576,    0.21459,    0.13202,    0.10356,    1.12500,    0.30377,    0.07799,    0.09033,    0.08614,    1.12500,    0.20369,    0.20304,    0.11335,    0.05627,    1.12500,    0.06537,    0.10784,    0.08795,    0.04839
   1.15000,    0.25261,    0.21325,    0.14544,    0.08453,    1.15000,    0.28027,    0.09650,    0.12391,    0.10568,    1.15000,    0.17248,    0.21069,    0.08728,    0.09158,    1.15000,    0.06419,    0.10187,    0.06939,    0.07872
   1.17500,    0.20025,    0.19183,    0.11035,    0.06075,    1.17500,    0.23313,    0.12064,    0.13769,    0.10310,    1.17500,    0.11390,    0.19694,    0.05307,    0.05585,    1.17500,    0.09678,    0.10023,    0.04866,    0.06590
   1.20000,    0.17175,    0.20301,    0.04663,    0.08833,    1.20000,    0.22079,    0.13930,    0.15445,    0.07108,    1.20000,    0.08132,    0.18396,    0.08240,    0.05572,    1.20000,    0.09826,    0.09314,    0.06779,    0.03814
   1.22500,    0.14145,    0.21079,    0.06324,    0.08085,    1.22500,    0.22114,    0.14459,    0.13970,    0.06642,    1.22500,    0.05796,    0.17180,    0.07350,    0.06171,    1.22500,    0.07901,    0.11293,    0.11015,    0.03634
   1.25000,    0.10163,    0.18236,    0.09443,    0.05375,    1.25000,    0.16481,    0.13497,    0.12451,    0.03252,    1.25000,    0.03376,    0.17400,    0.07311,    0.03319,    1.25000,    0.09549,    0.14054,    0.09074,    0.04521
   1.27500,    0.04386,    0.13930,    0.07064,    0.04828,    1.27500,    0.12973,    0.12566,    0.12594,    0.06098,    1.27500,    0.06771,    0.15345,    0.09202,    0.02891,    1.27500,    0.10980,    0.11599,    0.06308,    0.05885
   1.30000,    0.07968,    0.12870,    0.06440,    0.04197,    1.30000,    0.12157,    0.14078,    0.10020,    0.05791,    1.30000,    0.08281,    0.10761,    0.09628,    0.05255,    1.30000,    0.11838,    0.09353,    0.07036,    0.05237
   1.32500,    0.12002,    0.13071,    0.04774,    0.03367,    1.32500,    0.13078,    0.18683,    0.09118,    0.05917,    1.32500,    0.11711,    0.07789,    0.06636,    0.06118,    1.32500,    0.12887,    0.08715,    0.09436,    0.04229
   1.35000,    0.12620,    0.11127,    0.05855,    0.03388,    1.35000,    0.14240,    0.22707,    0.09870,    0.06576,    1.35000,    0.13045,    0.06705,    0.07006,    0.06365,    1.35000,    0.15785,    0.13241,    0.09065,    0.08079
   1.37500,    0.10989,    0.10358,    0.06253,    0.04651,    1.37500,    0.11564,    0.23138,    0.07164,    0.07604,    1.37500,    0.10959,    0.05425,    0.06396,    0.05342,    1.37500,    0.14562,    0.20089,    0.06984,    0.10025
   1.40000,    0.10864,    0.09988,    0.08611,    0.05581,    1.40000,    0.12005,    0.22030,    0.09498,    0.04692,    1.40000,    0.09235,    0.06298,    0.04623,    0.04874,    1.40000,    0.11577,    0.18948,    0.05592,    0.06395
   1.42500,    0.12912,    0.10172,    0.10148,    0.07050,    1.42500,    0.13786,    0.19216,    0.13072,    0.05274,    1.42500,    0.10262,    0.10889,    0.05981,    0.05518,    1.42500,    0.09508,    0.13817,    0.05301,    0.06932
   1.45000,    0.13090,    0.13338,    0.12819,    0.06325,    1.45000,    0.15808,    0.18681,    0.13014,    0.05804,    1.45000,    0.11154,    0.14325,    0.05718,    0.06716,    1.45000,    0.05412,    0.09772,    0.04226,    0.04706
   1.47500,    0.11913,    0.14237,    0.13869,    0.06414,    1.47500,    0.16963,    0.22290,    0.07407,    0.06999,    1.47500,    0.06666,    0.15332,    0.07055,    0.08776,    1.47500,    0.06437,    0.14124,    0.04688,    0.05689
   1.50000,    0.07946,    0.13746,    0.12996,    0.07198,    1.50000,    0.13736,    0.25921,    0.04836,    0.08183,    1.50000,    0.03488,    0.15514,    0.07379,    0.08028,    1.50000,    0.05900,    0.15617,    0.04571,    0.06333
   1.52500,    0.08507,    0.16925,    0.10258,    0.08523,    1.52500,    0.10399,    0.25529,    0.06989,    0.07926,    1.52500,    0.03267,    0.17078,    0.06041,    0.04287,    1.52500,    0.07205,    0.11349,    0.01768,    0.05338
   1.55000,    0.10672,    0.22188,    0.06318,    0.08463,    1.55000,    0.07887,    0.22888,    0.07851,    0.05467,    1.55000,    0.05390,    0.20243,    0.04277,    0.04408,    1.55000,    0.06454,    0.08055,    0.03469,    0.05535
   1.57500,    0.11301,    0.24414,    0.06195,    0.06584,    1.57500,    0.10576,    0.17989,    0.07217,    0.04808,    1.57500,    0.06063,    0.22240,    0.05008,    0.07201,    1.57500,    0.05002,    0.11000,    0.05186,    0.06711
   1.60000,    0.12680,    0.22888,    0.08576,    0.05146,    1.60000,    0.11944,    0.13564,    0.08165,    0.06364,    1.60000,    0.05542,    0.24836,    0.04549,    0.08941,    1.60000,    0.06541,    0.13648,    0.06092,    0.05710
   1.62500,    0.08656,    0.19938,    0.08896,    0.03828,    1.62500,    0.14931,    0.12742,    0.09391,    0.05629,    1.62500,    0.05105,    0.25560,    0.03111,    0.07908,    1.62500,    0.05484,    0.14004,    0.03459,    0.05017
   1.65000,    0.06649,    0.20391,    0.06591,    0.05910,    1.65000,    0.16182,    0.13420,    0.08909,    0.03065,    1.65000,    0.06477,    0.24976,    0.02918,    0.07811,    1.65000,    0.05808,    0.12473,    0.01984,    0.06055
   1.67500,    0.06615,    0.22736,    0.04991,    0.09517,    1.67500,    0.15288,    0.11580,    0.06484,    0.04614,    1.67500,    0.07826,    0.24758,    0.05419,    0.11445,    1.67500,    0.07836,    0.11961,    0.04572,    0.07136
   1.70000,    0.06490,    0.21638,    0.07402,    0.11249,    1.70000,    0.13077,    0.09550,    0.06028,    0.03786,    1.70000,    0.06573,    0.22812,    0.08041,    0.11394,    1.70000,    0.07452,    0.13558,    0.02095,    0.07381
   1.72500,    0.08089,    0.20131,    0.08865,    0.09594,    1.72500,    0.11680,    0.11397,    0.08973,    0.03245,    1.72500,    0.07625,    0.18316,    0.08211,    0.09663,    1.72500,    0.09425,    0.17261,    0.05061,    0.06884
   1.75000,    0.10489,    0.22050,    0.05724,    0.06909,    1.75000,    0.12350,    0.12974,    0.09642,    0.03760,    1.75000,    0.07220,    0.13412,    0.07398,    0.07098,    1.75000,    0.09723,    0.18389,    0.05897,    0.05111
   1.77500,    0.10675,    0.23488,    0.04681,    0.08861,    1.77500,    0.12091,    0.13647,    0.07569,    0.02704,    1.77500,    0.08861,    0.12890,    0.05705,    0.04739,    1.77500,    0.05903,    0.15868,    0.05427,    0.06236
   1.80000,    0.09323,    0.19600,    0.06367,    0.12046,    1.80000,    0.10664,    0.12476,    0.08295,    0.04432,    1.80000,    0.08398,    0.14401,    0.02520,    0.04618,    1.80000,    0.05984,    0.12779,    0.08022,    0.05812
   1.82500,    0.08171,    0.15197,    0.06654,    0.10736,    1.82500,    0.09033,    0.15094,    0.06557,    0.03529,    1.82500,    0.06835,    0.13329,    0.05186,    0.04159,    1.82500,    0.07555,    0.12929,    0.09238,    0.05424
   1.85000,    0.08875,    0.15368,    0.05417,    0.08083,    1.85000,    0.08276,    0.17506,    0.04151,    0.06849,    1.85000,    0.07775,    0.12856,    0.04716,    0.03947,    1.85000,    0.06476,    0.15966,    0.06576,    0.06830
   1.87500,    0.08099,    0.16623,    0.04500,    0.06517,    1.87500,    0.07542,    0.18746,    0.05981,    0.06523,    1.87500,    0.09294,    0.13189,    0.02496,    0.03175,    1.87500,    0.03441,    0.15948,    0.06295,    0.07561
   1.90000,    0.07176,    0.15996,    0.06076,    0.06796,    1.90000,    0.03752,    0.17603,    0.05455,    0.05789,    1.90000,    0.07891,    0.11552,    0.05076,    0.02536,    1.90000,    0.06566,    0.13597,    0.05073,    0.06564
   1.92500,    0.09470,    0.13496,    0.06774,    0.07389,    1.92500,    0.03627,    0.15060,    0.04724,    0.06229,    1.92500,    0.05192,    0.10013,    0.03968,    0.02712,    1.92500,    0.05707,    0.12413,    0.04890,    0.07476
   1.95000,    0.11303,    0.11391,    0.06925,    0.05311,    1.95000,    0.07035,    0.16109,    0.05208,    0.05983,    1.95000,    0.03618,    0.10218,    0.02810,    0.02344,    1.95000,    0.04737,    0.12632,    0.06526,    0.07884
   1.97500,    0.11971,    0.11720,    0.06413,    0.04337,    1.97500,    0.08560,    0.15515,    0.07569,    0.03818,    1.97500,    0.05424,    0.11419,    0.04857,    0.03137,    1.97500,    0.05541,    0.11088,    0.05782,    0.05023
   2.00000,    0.10076,    0.12090,    0.02448,    0.04843,    2.00000,    0.12133,    0.15016,    0.10371,    0.02912,    2.00000,    0.06916,    0.10522,    0.05806,    0.04551,    2.00000,    0.04710,    0.09422,    0.03649,    0.05318
   2.00000,    0.10078,    0.12088,    0.02461,    0.04846,    2.00000,    0.12133,    0.15015,    0.10371,    0.02912,    2.00000,    0.06916,    0.10521,    0.05806,    0.04551,    2.00000,    0.04709,    0.09422,    0.03648,    0.05318
   2.00000,    0.10076,    0.12090,    0.02448,    0.04843,    2.00000,    0.12133,    0.15016,    0.10371,    0.02912,    2.00000,    0.06924,    0.10520,    0.05812,    0.04549,    2.00000,    0.04708,    0.09422,    0.03649,    0.05319
   2.02500,    0.06747,    0.13274,    0.03555,    0.06866,    2.02500,    0.16297,    0.15007,    0.10522,    0.05987,    2.02500,    0.06269,    0.08531,    0.03672,    0.05310,    2.02500,    0.03626,    0.11037,    0.03966,    0.05249
   2.05000,    0.05746,    0.14340,    0.03276,    0.05622,    2.05000,    0.17022,    0.14948,    0.07631,    0.08923,    2.05000,    0.05412,    0.10221,    0.04208,    0.04947,    2.05000,    0.06146,    0.14974,    0.06663,    0.06143
   2.07500,    0.05361,    0.14378,    0.03604,    0.04861,    2.07500,    0.16119,    0.12700,    0.07277,    0.06559,    2.07500,    0.06699,    0.10861,    0.05549,    0.03606,    2.07500,    0.07902,    0.15787,    0.06676,    0.05766
   2.10000,    0.06436,    0.12197,    0.03824,    0.05233,    2.10000,    0.12337,    0.10915,    0.06799,    0.05637,    2.10000,    0.06661,    0.10379,    0.04165,    0.02346,    2.10000,    0.04825,    0.14954,    0.05520,    0.05178
   2.12500,    0.06549,    0.08721,    0.06088,    0.04796,    2.12500,    0.08036,    0.11107,    0.03657,    0.05072,    2.12500,    0.07060,    0.10794,    0.03993,    0.02065,    2.12500,    0.07181,    0.15111,    0.05176,    0.05433
   2.15000,    0.07987,    0.08261,    0.08487,    0.04249,    2.15000,    0.06846,    0.11970,    0.04061,    0.04995,    2.15000,    0.06964,    0.11748,    0.03593,    0.04050,    2.15000,    0.08940,    0.16297,    0.04550,    0.05269
   2.17500,    0.08163,    0.09906,    0.10460,    0.05125,    2.17500,    0.05268,    0.12253,    0.02585,    0.05730,    2.17500,    0.05854,    0.11571,    0.03244,    0.04274,    2.17500,    0.06690,    0.17299,    0.03763,    0.07074
   2.20000,    0.06312,    0.08358,    0.07613,    0.05368,    2.20000,    0.05266,    0.11228,    0.02844,    0.04201,    2.20000,    0.06565,    0.10733,    0.04365,    0.03311,    2.20000,    0.06856,    0.15823,    0.05225,    0.05591
   2.22500,    0.05631,    0.07530,    0.03387,    0.04690,    2.22500,    0.04797,    0.08704,    0.02730,    0.03204,    2.22500,    0.07790,    0.10700,    0.05156,    0.03652,    2.22500,    0.06302,    0.11670,    0.04609,    0.05280
   2.25000,    0.05411,    0.08787,    0.03579,    0.04679,    2.25000,    0.02785,    0.08233,    0.03721,    0.03917,    2.25000,    0.06742,    0.10730,    0.04363,    0.03356,    2.25000,    0.04824,    0.11124,    0.03582,    0.06927
   2.27500,    0.07908,    0.12460,    0.05137,    0.04783,    2.27500,    0.04093,    0.06066,    0.05232,    0.03300,    2.27500,    0.03956,    0.09968,    0.04691,    0.04655,    2.27500,    0.03155,    0.13651,    0.02284,    0.07356
   2.30000,    0.10312,    0.14468,    0.05878,    0.03985,    2.30000,    0.07133,    0.05199,    0.04988,    0.02631,    2.30000,    0.03101,    0.08207,    0.04962,    0.04953,    2.30000,    0.02967,    0.14500,    0.01700,    0.05393
   2.32500,    0.09038,    0.14859,    0.05801,    0.04641,    2.32500,    0.07741,    0.05915,    0.04761,    0.03159,    2.32500,    0.03504,    0.07597,    0.03273,    0.03435,    2.32500,    0.06171,    0.13255,    0.04102,    0.05873
   2.35000,    0.08359,    0.15929,    0.05214,    0.08307,    2.35000,    0.07517,    0.06216,    0.04482,    0.04017,    2.35000,    0.03086,    0.08090,    0.04998,    0.04811,    2.35000,    0.04978,    0.10872,    0.04400,    0.05740
   2.37500,    0.06373,    0.17180,    0.03954,    0.09578,    2.37500,    0.05998,    0.08218,    0.05762,    0.04065,    2.37500,    0.02988,    0.07269,    0.04766,    0.05365,    2.37500,    0.05493,    0.13731,    0.03059,    0.06941
   2.40000,    0.05282,    0.18592,    0.04801,    0.07285,    2.40000,    0.06283,    0.09829,    0.05973,    0.02937,    2.40000,    0.03012,    0.06824,    0.04376,    0.04723,    2.40000,    0.05742,    0.14587,    0.03643,    0.07584
   2.42500,    0.04670,    0.18263,    0.04785,    0.04611,    2.42500,    0.09559,    0.09080,    0.05018,    0.02957,    2.42500,    0.03620,    0.07358,    0.05784,    0.04787,    2.42500,    0.05179,    0.12515,    0.04990,    0.05792
   2.45000,    0.03354,    0.16232,    0.04534,    0.03630,    2.45000,    0.09577,    0.08301,    0.03861,    0.03358,    2.45000,    0.04870,    0.08874,    0.06211,    0.02964,    2.45000,    0.04574,    0.12106,    0.04146,    0.03979
   2.47500,    0.03641,    0.14948,    0.04391,    0.05180,    2.47500,    0.08725,    0.09841,    0.04315,    0.02797,    2.47500,    0.06460,    0.08716,    0.03811,    0.02068,    2.47500,    0.05086,    0.12655,    0.03515,    0.05682
   2.50000,    0.06550,    0.16360,    0.06798,    0.06234,    2.50000,    0.08024,    0.11120,    0.04870,    0.02218,    2.50000,    0.06572,    0.06826,    0.03667,    0.01954,    2.50000,    0.05212,    0.14226,    0.03940,    0.05774
   2.52500,    0.04981,    0.17219,    0.06687,    0.05245,    2.52500,    0.06880,    0.12138,    0.04928,    0.03246,    2.52500,    0.06825,    0.05989,    0.03951,    0.02905,    2.52500,    0.08321,    0.14324,    0.05456,    0.06122
   2.55000,    0.03590,    0.16329,    0.05189,    0.05125,    2.55000,    0.07151,    0.11544,    0.03970,    0.02973,    2.55000,    0.05728,    0.04236,    0.03393,    0.02900,    2.55000,    0.09964,    0.13286,    0.04705,    0.07894
   2.57500,    0.04827,    0.13800,    0.02770,    0.05073,    2.57500,    0.07117,    0.10197,    0.02483,    0.01871,    2.57500,    0.04193,    0.03661,    0.02269,    0.01846,    2.57500,    0.09088,    0.12444,    0.05629,    0.07472
   2.60000,    0.02952,    0.13254,    0.01794,    0.06131,    2.60000,    0.05440,    0.12722,    0.01697,    0.02160,    2.60000,    0.04124,    0.03667,    0.03073,    0.02280,    2.60000,    0.08807,    0.12995,    0.06185,    0.06657
   2.62500,    0.02290,    0.13718,    0.03140,    0.05172,    2.62500,    0.05605,    0.16580,    0.02833,    0.06180,    2.62500,    0.02821,    0.04304,    0.04539,    0.02592,    2.62500,    0.06086,    0.14052,    0.06813,    0.05392
   2.65000,    0.03534,    0.12765,    0.03071,    0.04069,    2.65000,    0.06819,    0.16413,    0.02945,    0.06974,    2.65000,    0.02086,    0.05370,    0.05348,    0.02255,    2.65000,    0.04850,    0.12393,    0.06916,    0.04228
   2.67500,    0.03952,    0.11109,    0.04574,    0.03850,    2.67500,    0.07808,    0.12790,    0.02662,    0.04312,    2.67500,    0.03766,    0.06551,    0.06001,    0.02234,    2.67500,    0.05000,    0.12092,    0.06054,    0.04818
   2.70000,    0.04164,    0.09393,    0.05618,    0.04287,    2.70000,    0.06679,    0.12057,    0.03134,    0.02173,    2.70000,    0.03589,    0.06873,    0.05796,    0.02654,    2.70000,    0.04646,    0.14898,    0.04904,    0.05084
   2.72500,    0.05848,    0.08537,    0.05497,    0.03097,    2.72500,    0.09644,    0.13320,    0.03605,    0.02552,    2.72500,    0.03396,    0.07206,    0.03377,    0.02664,    2.72500,    0.03447,    0.16470,    0.04991,    0.05925
   2.75000,    0.07619,    0.07767,    0.03576,    0.02722,    2.75000,    0.13170,    0.13749,    0.04636,    0.03627,    2.75000,    0.04338,    0.07477,    0.03520,    0.03075,    2.75000,    0.04071,    0.15655,    0.04909,    0.06623
   2.77500,    0.09917,    0.07661,    0.04754,    0.02250,    2.77500,    0.12038,    0.11666,    0.04504,    0.03620,    2.77500,    0.02841,    0.08621,    0.04962,    0.02970,    2.77500,    0.06567,    0.14157,    0.04141,    0.06816
   2.80000,    0.10105,    0.07790,    0.06862,    0.03296,    2.80000,    0.11427,    0.07454,    0.02496,    0.03395,    2.80000,    0.02966,    0.10748,    0.03913,    0.01355,    2.80000,    0.07566,    0.15582,    0.03821,    0.07262
   2.82500,    0.08428,    0.08339,    0.06501,    0.04181,    2.82500,    0.10189,    0.06109,    0.03044,    0.03335,    2.82500,    0.04169,    0.11300,    0.02876,    0.03140,    2.82500,    0.08027,    0.18273,    0.05224,    0.06441
   2.85000,    0.06495,    0.10047,    0.06601,    0.04310,    2.85000,    0.07874,    0.06656,    0.03157,    0.02796,    2.85000,    0.03575,    0.10928,    0.03815,    0.03995,    2.85000,    0.09884,    0.17819,    0.03582,    0.07047
   2.87500,    0.05760,    0.11326,    0.05312,    0.03366,    2.87500,    0.05613,    0.05691,    0.02958,    0.02681,    2.87500,    0.03325,    0.09946,    0.02600,    0.04813,    2.87500,    0.09281,    0.14438,    0.04869,    0.06644
   2.90000,    0.04676,    0.11074,    0.03798,    0.02839,    2.90000,    0.08057,    0.05161,    0.04575,    0.03487,    2.90000,    0.02334,    0.09443,    0.03531,    0.03906,    2.90000,    0.08454,    0.12700,    0.05962,    0.05710
   2.92500,    0.03962,    0.10180,    0.02590,    0.03263,    2.92500,    0.10233,    0.06178,    0.03318,    0.02378,    2.92500,    0.02643,    0.09688,    0.04448,    0.03184,    2.92500,    0.06633,    0.14626,    0.05933,    0.06300
   2.95000,    0.04255,    0.10027,    0.02623,    0.03012,    2.95000,    0.10404,    0.06411,    0.01879,    0.02280,    2.95000,    0.03806,    0.10432,    0.03620,    0.04378,    2.95000,    0.04760,    0.18586,    0.05393,    0.06748
   2.97500,    0.03176,    0.10134,    0.02983,    0.03204,    2.97500,    0.10779,    0.05860,    0.02852,    0.03055,    2.97500,    0.05492,    0.10312,    0.04344,    0.04204,    2.97500,    0.04619,    0.19227,    0.03419,    0.05444
   3.00000,    0.03669,    0.08960,    0.02689,    0.02279,    3.00000,    0.10484,    0.03583,    0.03883,    0.04497,    3.00000,    0.06289,    0.12209,    0.03984,    0.03927,    3.00000,    0.05360,    0.17771,    0.03055,    0.05527
   3.02500,    0.04458,    0.08109,    0.02515,    0.03085,    3.02500,    0.09540,    0.06391,    0.04575,    0.04502,    3.02500,    0.06952,    0.14372,    0.03149,    0.03796,    3.02500,    0.05837,    0.17547,    0.04881,    0.05986
   3.05000,    0.05138,    0.10475,    0.04134,    0.03880,    3.05000,    0.04192,    0.09883,    0.03479,    0.03433,    3.05000,    0.06310,    0.14474,    0.02637,    0.02533,    3.05000,    0.06878,    0.19307,    0.05923,    0.07164
   3.07500,    0.05632,    0.11081,    0.05809,    0.03800,    3.07500,    0.02700,    0.11674,    0.04669,    0.03297,    3.07500,    0.04553,    0.13131,    0.02509,    0.02317,    3.07500,    0.06073,    0.19432,    0.03842,    0.08562
   3.10000,    0.06250,    0.08543,    0.05048,    0.04464,    3.10000,    0.07952,    0.10769,    0.04461,    0.04463,    3.10000,    0.03777,    0.09846,    0.03218,    0.03105,    3.10000,    0.03663,    0.17136,    0.02725,    0.08338
   3.12500,    0.06078,    0.09364,    0.04707,    0.04364,    3.12500,    0.11041,    0.08484,    0.04133,    0.04879,    3.12500,    0.04651,    0.07421,    0.03564,    0.03754,    3.12500,    0.01865,    0.14618,    0.03002,    0.08706
   3.15000,    0.04924,    0.10745,    0.04658,    0.03502,    3.15000,    0.11259,    0.09939,    0.05575,    0.04237,    3.15000,    0.03678,    0.07125,    0.02709,    0.03744,    3.15000,    0.01973,    0.13457,    0.04584,    0.07411
   3.17500,    0.04678,    0.11311,    0.04860,    0.04362,    3.17500,    0.09944,    0.11495,    0.05611,    0.03857,    3.17500,    0.03057,    0.06492,    0.02329,    0.03626,    3.17500,    0.03661,    0.15210,    0.03631,    0.07723
   3.20000,    0.03847,    0.12391,    0.03427,    0.03964,    3.20000,    0.07050,    0.12112,    0.05032,    0.03376,    3.20000,    0.04664,    0.04900,    0.03508,    0.03550,    3.20000,    0.02681,    0.15620,    0.04203,    0.06330
   3.22500,    0.04355,    0.13171,    0.02849,    0.03780,    3.22500,    0.07746,    0.10007,    0.04409,    0.03162,    3.22500,    0.07098,    0.06186,    0.04389,    0.03848,    3.22500,    0.03975,    0.13486,    0.04903,    0.06210
   3.25000,    0.03828,    0.12561,    0.03125,    0.04160,    3.25000,    0.10813,    0.07314,    0.02607,    0.02257,    3.25000,    0.07192,    0.06583,    0.03494,    0.02825,    3.25000,    0.03673,    0.12159,    0.05754,    0.06495
   3.27500,    0.04170,    0.11182,    0.04196,    0.03757,    3.27500,    0.10530,    0.08533,    0.04732,    0.02497,    3.27500,    0.06105,    0.05978,    0.02708,    0.02125,    3.27500,    0.04402,    0.13078,    0.05380,    0.07084
   3.30000,    0.04758,    0.11291,    0.04231,    0.02383,    3.30000,    0.09211,    0.10150,    0.04291,    0.03179,    3.30000,    0.05782,    0.05280,    0.02577,    0.01952,    3.30000,    0.04064,    0.15265,    0.05721,    0.07483
   3.32500,    0.04536,    0.12170,    0.03700,    0.02770,    3.32500,    0.06484,    0.10775,    0.03210,    0.04181,    3.32500,    0.06428,    0.06040,    0.01574,    0.01360,    3.32500,    0.03253,    0.16108,    0.05227,    0.05866
   3.35000,    0.04943,    0.13170,    0.02773,    0.03874,    3.35000,    0.04684,    0.10686,    0.02623,    0.03937,    3.35000,    0.06723,    0.07650,    0.01919,    0.01366,    3.35000,    0.02734,    0.15774,    0.02950,    0.05213
   3.37500,    0.05288,    0.13826,    0.02716,    0.04096,    3.37500,    0.05835,    0.10280,    0.02752,    0.03503,    3.37500,    0.05505,    0.07931,    0.03298,    0.02156,    3.37500,    0.02410,    0.15885,    0.02270,    0.07056
   3.40000,    0.05541,    0.15222,    0.02965,    0.04323,    3.40000,    0.05665,    0.10243,    0.02746,    0.03379,    3.40000,    0.04622,    0.09229,    0.03849,    0.03432,    3.40000,    0.02681,    0.16129,    0.04160,    0.07826
   3.42500,    0.04835,    0.14199,    0.02394,    0.02626,    3.42500,    0.06574,    0.10665,    0.03112,    0.03774,    3.42500,    0.04093,    0.09305,    0.04531,    0.02356,    3.42500,    0.02303,    0.15879,    0.05515,    0.07266
   3.45000,    0.03648,    0.12227,    0.03031,    0.03185,    3.45000,    0.07029,    0.09724,    0.04205,    0.01915,    3.45000,    0.04375,    0.07571,    0.02672,    0.01976,    3.45000,    0.02784,    0.14958,    0.05304,    0.06989
   3.47500,    0.03361,    0.10049,    0.02977,    0.03306,    3.47500,    0.05995,    0.07544,    0.05380,    0.01987,    3.47500,    0.05183,    0.08313,    0.01726,    0.02702,    3.47500,    0.02827,    0.14003,    0.05213,    0.06601
   3.50000,    0.06731,    0.08471,    0.02204,    0.02612,    3.50000,    0.04382,    0.04850,    0.05260,    0.01962,    3.50000,    0.03831,    0.10275,    0.02871,    0.03818,    3.50000,    0.02643,    0.14018,    0.05043,    0.06141
   3.52500,    0.09628,    0.08830,    0.04173,    0.03695,    3.52500,    0.04680,    0.06461,    0.03391,    0.02075,    3.52500,    0.02602,    0.11425,    0.04069,    0.05068,    3.52500,    0.02351,    0.14530,    0.04562,    0.07076
   3.55000,    0.11114,    0.07401,    0.05424,    0.02720,    3.55000,    0.05680,    0.08548,    0.03992,    0.02297,    3.55000,    0.03304,    0.12171,    0.04477,    0.05948,    3.55000,    0.02336,    0.15414,    0.04167,    0.07511
   3.57500,    0.11632,    0.06070,    0.04181,    0.01955,    3.57500,    0.04594,    0.07113,    0.03302,    0.02350,    3.57500,    0.03481,    0.12263,    0.04651,    0.06301,    3.57500,    0.03363,    0.16327,    0.04208,    0.08917
   3.60000,    0.09797,    0.06406,    0.03757,    0.02050,    3.60000,    0.04080,    0.05327,    0.02398,    0.01837,    3.60000,    0.03926,    0.12612,    0.03789,    0.05768,    3.60000,    0.03012,    0.17245,    0.04415,    0.09127
   3.62500,    0.08163,    0.06506,    0.02799,    0.02158,    3.62500,    0.03990,    0.05103,    0.03052,    0.02293,    3.62500,    0.04725,    0.12388,    0.02663,    0.03989,    3.62500,    0.02783,    0.17991,    0.03097,    0.07383
   3.65000,    0.07846,    0.06043,    0.03054,    0.02364,    3.65000,    0.03100,    0.03969,    0.03764,    0.02169,    3.65000,    0.05286,    0.12264,    0.01618,    0.03838,    3.65000,    0.03249,    0.18483,    0.02798,    0.08055
   3.67500,    0.07313,    0.07177,    0.03697,    0.02153,    3.67500,    0.04979,    0.05027,    0.03857,    0.02551,    3.67500,    0.06528,    0.12581,    0.02433,    0.04504,    3.67500,    0.03398,    0.18666,    0.03457,    0.08239
   3.70000,    0.05746,    0.08160,    0.04254,    0.02759,    3.70000,    0.04796,    0.07893,    0.02577,    0.03467,    3.70000,    0.06579,    0.12377,    0.03238,    0.04600,    3.70000,    0.04282,    0.18491,    0.04553,    0.09738
   3.72500,    0.03509,    0.08387,    0.04076,    0.02619,    3.72500,    0.04762,    0.09185,    0.01999,    0.03297,    3.72500,    0.04806,    0.12562,    0.03279,    0.04454,    3.72500,    0.04095,    0.18670,    0.05167,    0.10956
   3.75000,    0.03563,    0.08954,    0.04611,    0.02970,    3.75000,    0.03994,    0.10212,    0.01967,    0.03842,    3.75000,    0.03247,    0.13229,    0.02050,    0.02294,    3.75000,    0.05002,    0.19099,    0.03753,    0.09242
   3.77500,    0.04070,    0.10175,    0.05035,    0.03047,    3.77500,    0.02415,    0.10331,    0.01671,    0.02667,    3.77500,    0.02120,    0.13606,    0.02337,    0.03639,    3.77500,    0.04046,    0.20282,    0.02525,    0.07854
   3.80000,    0.05454,    0.09536,    0.04963,    0.03208,    3.80000,    0.02241,    0.11468,    0.01826,    0.03262,    3.80000,    0.03607,    0.13450,    0.03900,    0.04168,    3.80000,    0.03532,    0.20689,    0.04207,    0.08133
   3.82500,    0.06061,    0.07978,    0.03423,    0.03721,    3.82500,    0.02801,    0.12724,    0.01701,    0.04499,    3.82500,    0.04220,    0.12339,    0.02988,    0.04319,    3.82500,    0.02802,    0.19293,    0.03971,    0.09730
   3.85000,    0.07123,    0.09199,    0.02462,    0.04334,    3.85000,    0.03682,    0.13027,    0.02181,    0.04039,    3.85000,    0.04689,    0.11537,    0.04080,    0.03951,    3.85000,    0.02528,    0.17879,    0.02932,    0.10807
   3.87500,    0.07136,    0.10388,    0.02769,    0.04115,    3.87500,    0.03455,    0.13093,    0.02202,    0.03798,    3.87500,    0.05199,    0.11318,    0.04518,    0.02538,    3.87500,    0.03276,    0.17798,    0.03393,    0.10353
   3.90000,    0.07520,    0.10301,    0.03127,    0.02951,    3.90000,    0.03403,    0.13178,    0.02521,    0.03508,    3.90000,    0.04784,    0.10412,    0.04370,    0.02684,    3.90000,    0.03492,    0.19222,    0.04101,    0.09771
   3.92500,    0.08069,    0.10546,    0.02375,    0.02945,    3.92500,    0.04180,    0.13170,    0.02895,    0.02871,    3.92500,    0.04378,    0.09117,    0.03407,    0.03912,    3.92500,    0.03587,    0.19651,    0.04165,    0.08794
   3.95000,    0.08525,    0.11458,    0.02651,    0.04850,    3.95000,    0.04129,    0.12450,    0.02526,    0.02560,    3.95000,    0.03493,    0.07965,    0.02282,    0.03840,    3.95000,    0.03463,    0.18925,    0.02466,    0.09380
   3.97500,    0.08303,    0.12653,    0.02772,    0.06096,    3.97500,    0.02795,    0.11407,    0.01742,    0.04109,    3.97500,    0.03816,    0.06845,    0.02257,    0.02680,    3.97500,    0.02438,    0.19339,    0.04285,    0.10323
   4.00000,    0.06474,    0.13121,    0.03407,    0.05093,    4.00000,    0.01792,    0.10883,    0.01899,    0.02526,    4.00000,    0.04541,    0.05671,    0.03043,    0.02250,    4.00000,    0.02919,    0.20631,    0.04373,    0.10366
   4.00000,    0.06475,    0.13121,    0.03408,    0.05092,    4.00000,    0.01791,    0.10883,    0.01899,    0.02526,    4.00000,    0.04538,    0.05672,    0.03041,    0.02258,    4.00000,    0.02913,    0.20630,    0.04371,    0.10368
